<?xml version="1.0" encoding="UTF-8"?>
<project-private xmlns="http://www.netbeans.org/ns/project-private/1">
    <editor-bookmarks xmlns="http://www.netbeans.org/ns/editor-bookmarks/1"/>
    <editor-bookmarks xmlns="http://www.netbeans.org/ns/editor-bookmarks/2" lastBookmarkId="0"/>
    <open-files xmlns="http://www.netbeans.org/ns/projectui-open-files/1">
        <file>file:/Users/phi/Documents/ECU/Teaching/CSG2341/current/Assignment/SaucersA/src/battle/Main.java</file>
        <file>file:/Users/phi/Documents/ECU/Teaching/CSG2341/current/Assignment/SaucersA/src/battle/Tournament.java</file>
        <file>file:/Users/phi/Documents/ECU/Teaching/CSG2341/current/Assignment/SaucersA/src/battle/saucers/controllers/SaucerController.java</file>
        <file>file:/Users/phi/Documents/ECU/Teaching/CSG2341/current/Assignment/SaucersA/src/battle/saucers/controllers/SimpleController.java</file>
        <file>file:/Users/phi/Documents/ECU/Teaching/CSG2341/current/Assignment/SaucersA/src/battle/saucers/controllers/FuzzyController.java</file>
        <file>file:/Users/phi/Documents/ECU/Teaching/CSG2341/current/Assignment/SaucersA/src/battle/Constants.java</file>
        <file>file:/Users/phi/Documents/ECU/Teaching/CSG2341/current/Assignment/SaucersA/src/battle/saucers/Saucer.java</file>
    </open-files>
</project-private>
